category,func,hlsl,variant,median Midgard,median Bifrost,median Valhall,median Arm 5th Generation,median all,min all,max all
Арифметика,add,a + b,float,0.5,0.5,1.0,1.0,1.0,0.5,4.0
Арифметика,add,a + b,half,0.5,0.5,1.0,1.0,1.0,0.5,4.0
Арифметика,add,a + b,float4,1.0,2.11,4.0,4.0,4.0,1.0,16.0
Арифметика,add,a + b,half4,1.0,1.56,2.0,2.0,2.0,1.0,8.0
Арифметика,mul,a * b,float,0.5,1.0,1.0,1.0,1.0,0.5,4.0
Арифметика,mul,a * b,half,0.5,1.0,1.0,1.0,1.0,0.5,4.0
Арифметика,mul,a * b,float4,0.5,4.0,4.0,4.0,4.0,0.49,16.0
Арифметика,mul,a * b,half4,0.5,2.38,2.0,2.0,2.0,0.49,8.0
Арифметика,mad,mad / a*b+c,float,1.0,1.0,1.0,1.0,1.0,1.0,1.0
Арифметика,mad,mad / a*b+c,half,1.0,1.0,1.0,1.0,1.0,0.81,4.0
Арифметика,mad,mad / a*b+c,float4,1.0,3.99,4.0,4.0,4.0,1.0,16.0
Арифметика,mad,mad / a*b+c,half4,1.0,2.11,2.0,2.0,2.0,1.0,8.0
Арифметика,div,a / b,float,1.5,1.5,4.0,8.0,4.0,1.49,16.0
Арифметика,div,a / b,half,1.5,1.5,4.0,8.0,4.0,1.5,16.0
Арифметика,div,a / b,float4,4.0,2.34,16.0,32.0,16.0,2.19,64.0
Арифметика,div,a / b,half4,4.0,6.74,16.0,32.0,16.0,4.0,64.0
Арифметика,rcp,rcp,float,0.5,1.45,4.0,8.0,4.0,0.0,8.0
Арифметика,rcp,rcp,half,0.5,1.45,4.0,8.0,4.0,0.5,8.0
Арифметика,rcp,rcp,float4,3.0,2.46,16.0,32.0,16.0,2.39,64.0
Арифметика,rcp,rcp,half4,4.0,4.74,16.0,32.0,16.0,3.75,96.0
Арифметика,abs,abs,float,0.0,0.0,0.0,0.0,0.0,0.0,0.12
Арифметика,abs,abs,half,0.0,0.0,0.0,0.0,0.0,0.0,0.0
Арифметика,abs,abs,float4,0.0,0.0,0.0,0.0,0.0,0.0,0.0
Арифметика,abs,abs,half4,0.0,0.0,0.0,0.0,0.0,0.0,6.5
Арифметика,sign,sign,float,1.0,1.51,2.01,2.01,2.01,0.0,4.03
Арифметика,sign,sign,half,1.0,1.57,1.99,1.99,1.99,1.0,9.95
Арифметика,sign,sign,float4,1.0,4.24,8.0,8.0,8.0,1.0,31.5
Арифметика,sign,sign,half4,1.0,2.42,4.38,4.41,4.0,0.0,8.75
Арифметика,min,min,float,0.69,0.5,1.0,1.0,1.0,0.0,4.0
Арифметика,min,min,half,0.5,0.5,1.0,1.0,1.0,0.5,4.0
Арифметика,min,min,float4,0.0,2.0,4.12,4.12,4.0,0.0,15.7
Арифметика,min,min,half4,0.0,0.68,2.14,2.14,1.76,0.0,4.28
Арифметика,max,max,float,0.69,0.5,1.0,1.0,1.0,0.5,2.0
Арифметика,max,max,half,0.5,0.5,1.0,1.0,1.0,0.5,4.0
Арифметика,max,max,float4,0.0,2.0,4.12,4.12,4.0,0.0,15.7
Арифметика,max,max,half4,0.0,0.68,2.14,2.14,1.76,0.0,4.28
Арифметика,clamp,clamp,float,1.25,1.5,2.01,2.01,2.01,1.0,11.55
Арифметика,clamp,clamp,half,1.0,1.51,1.99,1.99,1.99,0.0,7.95
Арифметика,clamp,clamp,float4,1.0,5.66,8.12,8.12,7.92,0.0,16.25
Арифметика,clamp,clamp,half4,1.0,2.45,2.62,2.62,2.55,0.99,9.7
Арифметика,saturate,saturate,float,0.0,0.0,0.0,0.0,0.0,0.0,0.06
Арифметика,saturate,saturate,half,0.0,0.44,0.0,0.0,0.0,0.0,2.0
Арифметика,saturate,saturate,float4,0.0,0.01,0.0,0.0,0.0,0.0,0.03
Арифметика,saturate,saturate,half4,0.0,0.8,0.0,0.0,0.0,0.0,0.86
Арифметика,lerp,lerp,float,1.51,1.5,2.0,2.0,2.0,1.32,8.0
Арифметика,lerp,lerp,half,1.56,1.49,2.0,2.0,2.0,1.43,8.0
Арифметика,lerp,lerp,float4,3.0,4.92,8.0,8.0,8.0,3.0,32.0
Арифметика,lerp,lerp,half4,2.06,1.81,4.0,4.0,4.0,1.68,16.0
Арифметика,step,step,float,1.0,0.5,1.0,1.0,1.0,0.5,4.0
Арифметика,step,step,half,1.0,1.0,1.0,1.0,1.0,0.0,2.0
Арифметика,step,step,float4,1.0,2.0,4.12,4.12,4.12,1.0,15.7
Арифметика,step,step,half4,1.0,2.12,2.14,2.14,2.14,1.0,11.3
Арифметика,smoothstep,smoothstep,float,3.51,4.13,5.0,8.0,5.0,3.5,20.0
Арифметика,smoothstep,smoothstep,half,3.5,4.06,5.0,8.0,5.0,3.5,20.0
Арифметика,smoothstep,smoothstep,float4,6.0,14.2,16.75,32.0,16.75,6.0,64.0
Арифметика,smoothstep,smoothstep,half4,7.0,10.29,16.0,32.0,16.0,7.0,64.0
Округление,floor,floor,float,0.5,0.5,1.0,2.0,1.0,0.5,4.0
Округление,floor,floor,half,0.5,0.5,1.0,3.0,1.0,0.5,4.0
Округление,floor,floor,float4,1.0,1.94,4.0,8.0,4.0,0.0,8.0
Округление,floor,floor,half4,1.0,1.0,2.33,10.0,2.33,0.76,10.0
Округление,ceil,ceil,float,0.5,0.5,1.0,2.0,1.0,0.5,4.0
Округление,ceil,ceil,half,0.5,0.5,1.0,3.0,1.0,0.5,4.0
Округление,ceil,ceil,float4,1.0,1.94,4.0,8.0,4.0,1.0,15.5
Округление,ceil,ceil,half4,1.0,0.88,2.33,10.0,2.33,0.0,10.0
Округление,round,round,float,0.5,0.5,1.0,2.0,1.0,0.5,4.0
Округление,round,round,half,0.5,0.5,1.0,3.0,1.0,0.0,8.0
Округление,round,round,float4,1.0,1.88,4.0,8.0,4.0,1.0,15.5
Округление,round,round,half4,1.0,1.0,2.33,10.0,2.33,0.76,10.0
Округление,trunc,trunc,float,0.5,0.5,1.0,2.0,1.0,0.5,4.0
Округление,trunc,trunc,half,0.5,0.5,1.0,3.0,1.0,0.0,4.0
Округление,trunc,trunc,float4,1.0,1.94,4.0,8.0,4.0,1.0,15.5
Округление,trunc,trunc,half4,1.0,0.88,2.33,10.0,2.33,0.0,10.0
Округление,frac,frac,float,1.0,1.06,1.0,3.0,1.06,1.0,4.0
Округление,frac,frac,half,1.0,1.06,1.0,4.0,1.07,1.0,4.0
Округление,frac,frac,float4,2.0,3.81,4.0,12.0,4.06,2.0,16.0
Округление,frac,frac,half4,2.0,2.12,2.38,14.0,2.38,0.0,14.0
Округление,fmod,fmod,float,2.5,2.69,4.0,8.0,4.0,2.5,16.0
Округление,fmod,fmod,half,2.5,2.69,4.0,8.0,4.0,2.5,16.0
Округление,fmod,fmod,float4,5.0,8.51,16.0,32.0,16.0,5.0,64.0
Округление,fmod,fmod,half4,6.0,8.99,16.0,32.0,16.0,6.0,64.0
Округление,mod,mod (GLSL),float,2.5,2.69,4.0,8.0,4.0,2.5,16.0
Округление,mod,mod (GLSL),half,2.5,2.69,4.0,8.0,4.0,2.5,16.0
Округление,mod,mod (GLSL),float4,5.0,8.51,16.0,32.0,16.0,5.0,64.0
Округление,mod,mod (GLSL),half4,6.0,8.99,16.0,32.0,16.0,6.0,64.0
Степени и логарифмы,sqrt,sqrt,float,0.5,2.5,8.0,16.0,8.0,0.0,16.0
Степени и логарифмы,sqrt,sqrt,half,0.5,1.56,8.0,8.0,8.0,0.5,32.0
Степени и логарифмы,sqrt,sqrt,float4,3.0,8.19,32.0,64.0,32.0,3.0,128.0
Степени и логарифмы,sqrt,sqrt,half4,4.0,8.79,32.0,32.0,32.0,4.0,128.0
Степени и логарифмы,rsqrt,rsqrt,float,0.5,1.45,4.0,8.0,4.0,0.5,16.0
Степени и логарифмы,rsqrt,rsqrt,half,0.5,1.45,4.0,8.0,4.0,0.0,8.0
Степени и логарифмы,rsqrt,rsqrt,float4,3.0,2.46,16.0,32.0,16.0,2.39,64.0
Степени и логарифмы,rsqrt,rsqrt,half4,4.0,4.74,16.0,32.0,16.0,3.75,64.0
Степени и логарифмы,exp2,exp2,float,0.5,2.69,4.0,8.0,4.0,0.5,16.0
Степени и логарифмы,exp2,exp2,half,0.5,2.7,4.0,8.0,4.0,0.5,16.0
Степени и логарифмы,exp2,exp2,float4,3.0,10.69,16.0,32.0,16.0,3.0,64.0
Степени и логарифмы,exp2,exp2,half4,4.0,14.39,16.0,32.0,16.0,0.0,64.0
Степени и логарифмы,exp,exp,float,1.5,2.45,4.0,8.0,4.0,1.5,16.0
Степени и логарифмы,exp,exp,half,1.5,2.46,4.0,8.0,4.0,1.5,16.0
Степени и логарифмы,exp,exp,float4,4.0,6.99,16.0,32.0,16.0,4.0,64.0
Степени и логарифмы,exp,exp,half4,4.0,11.07,16.0,32.0,16.0,4.0,64.0
Степени и логарифмы,log2,log2,float,0.5,2.84,4.0,8.0,4.0,0.5,16.0
Степени и логарифмы,log2,log2,half,0.5,2.75,4.0,8.0,4.0,0.5,16.0
Степени и логарифмы,log2,log2,float4,3.0,10.16,16.0,32.0,16.0,3.0,32.0
Степени и логарифмы,log2,log2,half4,4.0,14.94,16.0,32.0,16.0,4.0,42.0
Степени и логарифмы,log,log,float,1.5,3.56,4.0,8.0,4.0,1.5,16.0
Степени и логарифмы,log,log,half,1.5,3.53,4.0,8.0,4.0,1.5,23.0
Степени и логарифмы,log,log,float4,4.0,13.09,16.0,32.0,16.0,4.0,64.0
Степени и логарифмы,log,log,half4,4.0,19.19,16.0,32.0,19.06,0.61,64.0
Степени и логарифмы,pow,pow,float,1.51,5.5,8.0,16.0,8.0,1.5,32.0
Степени и логарифмы,pow,pow,half,1.5,5.88,8.0,8.0,8.0,1.5,32.0
Степени и логарифмы,pow,pow,float4,8.0,19.21,32.0,64.0,32.0,8.0,128.0
Степени и логарифмы,pow,pow,half4,8.0,23.97,32.0,32.0,32.0,8.0,128.0
Тригонометрия,sin,sin,float,1.5,5.12,8.0,16.0,8.0,1.11,32.0
Тригонометрия,sin,sin,half,1.5,4.83,8.0,16.0,8.0,1.5,46.0
Тригонометрия,sin,sin,float4,4.0,20.29,32.0,64.0,32.0,0.0,128.0
Тригонометрия,sin,sin,half4,4.0,20.74,32.0,64.0,32.0,4.0,128.0
Тригонометрия,cos,cos,float,1.5,5.53,8.0,16.0,8.0,1.5,32.0
Тригонометрия,cos,cos,half,1.5,5.15,8.0,16.0,8.0,1.5,32.0
Тригонометрия,cos,cos,float4,4.0,21.56,32.0,64.0,32.0,0.0,128.0
Тригонометрия,cos,cos,half4,4.0,22.31,32.0,64.0,32.0,0.0,90.89
Тригонометрия,sincos,sincos,float,2.0,6.85,10.0,16.0,10.0,0.0,40.0
Тригонометрия,sincos,sincos,half,2.0,7.08,9.0,16.0,9.0,2.0,36.0
Тригонометрия,sincos,sincos,float4,8.0,29.23,40.0,64.0,40.0,8.0,160.0
Тригонометрия,sincos,sincos,half4,8.0,29.06,36.0,64.0,36.0,8.0,144.0
Тригонометрия,tan,tan,float,3.5,8.84,12.0,24.0,12.0,3.5,48.0
Тригонометрия,tan,tan,half,3.5,8.81,12.0,24.0,12.0,0.0,48.0
Тригонометрия,tan,tan,float4,12.0,33.81,48.0,96.0,48.0,12.0,192.0
Тригонометрия,tan,tan,half4,12.0,33.44,48.0,96.0,48.0,0.0,192.0
Тригонометрия,asin,asin,float,4.5,19.25,20.0,40.0,20.0,0.0,40.0
Тригонометрия,asin,asin,half,4.5,19.55,20.0,40.0,20.0,4.5,80.0
Тригонометрия,asin,asin,float4,14.0,61.11,80.0,160.0,80.0,0.0,320.0
Тригонометрия,asin,asin,half4,14.0,79.44,80.0,160.0,80.0,14.0,320.0
Тригонометрия,acos,acos,float,4.5,19.33,20.0,40.0,20.0,0.0,40.0
Тригонометрия,acos,acos,half,4.5,19.55,20.0,40.0,20.0,4.5,80.0
Тригонометрия,acos,acos,float4,14.0,66.95,80.0,160.0,80.0,14.0,320.0
Тригонометрия,acos,acos,half4,14.0,67.44,80.0,160.0,80.0,14.0,320.0
Тригонометрия,atan,atan,float,1.5,15.31,16.0,32.0,16.0,1.5,64.0
Тригонометрия,atan,atan,half,1.5,15.5,16.0,32.0,16.0,1.5,64.0
Тригонометрия,atan,atan,float4,7.0,39.66,64.0,128.0,64.0,0.0,256.0
Тригонометрия,atan,atan,half4,8.0,51.81,64.0,128.0,64.0,8.0,256.0
Тригонометрия,atan2,atan2,float,1.51,14.89,16.0,32.0,16.0,1.5,64.0
Тригонометрия,atan2,atan2,half,1.5,15.46,16.0,32.0,16.0,0.0,32.0
Тригонометрия,atan2,atan2,float4,8.25,46.61,64.0,128.0,64.0,8.25,256.0
Тригонометрия,atan2,atan2,half4,8.0,56.94,64.0,128.0,64.0,8.0,256.0
Тригонометрия,radians,radians,float,0.5,0.5,0.0,0.0,0.0,0.0,0.56
Тригонометрия,radians,radians,half,0.5,0.5,0.0,0.0,0.0,0.0,0.53
Тригонометрия,radians,radians,float4,0.0,1.89,0.0,0.0,0.0,0.0,2.01
Тригонометрия,radians,radians,half4,0.0,0.86,0.0,0.0,0.0,0.0,0.93
Тригонометрия,degrees,degrees,float,0.5,0.5,0.0,0.0,0.0,0.0,0.56
Тригонометрия,degrees,degrees,half,0.5,0.5,0.0,0.0,0.0,0.0,0.53
Тригонометрия,degrees,degrees,float4,0.0,1.89,0.0,0.0,0.0,0.0,2.01
Тригонометрия,degrees,degrees,half4,0.0,0.86,0.0,0.0,0.0,0.0,0.93
Гиперболические,sinh,sinh,float,3.5,6.53,8.0,16.0,8.0,0.0,16.0
Гиперболические,sinh,sinh,half,3.5,7.67,8.0,16.0,8.0,3.5,32.0
Гиперболические,sinh,sinh,float4,9.0,20.62,32.0,64.0,32.0,0.0,64.0
Гиперболические,sinh,sinh,half4,9.0,21.69,32.0,64.0,32.0,0.0,64.0
Гиперболические,cosh,cosh,float,3.5,6.53,8.0,16.0,8.0,3.5,32.0
Гиперболические,cosh,cosh,half,3.5,7.67,8.0,16.0,8.0,3.5,32.0
Гиперболические,cosh,cosh,float4,9.0,16.86,32.0,64.0,32.0,0.0,64.0
Гиперболические,cosh,cosh,half4,9.0,21.69,32.0,64.0,32.0,9.0,128.0
Гиперболические,tanh,tanh,float,3.5,10.18,8.0,16.0,10.18,3.5,32.0
Гиперболические,tanh,tanh,half,3.5,9.6,8.0,16.0,9.57,3.5,32.0
Гиперболические,tanh,tanh,float4,12.0,32.81,32.0,64.0,32.81,12.0,128.0
Гиперболические,tanh,tanh,half4,13.0,25.64,32.0,64.0,32.0,13.0,64.0
Гиперболические,asinh,asinh,float,3.5,7.38,12.0,24.0,12.0,3.5,48.0
Гиперболические,asinh,asinh,half,3.5,7.65,12.0,24.0,12.0,0.0,24.0
Гиперболические,asinh,asinh,float4,9.0,28.21,48.0,96.0,48.0,9.0,192.0
Гиперболические,asinh,asinh,half4,10.0,30.59,48.0,96.0,48.0,0.0,192.0
Гиперболические,acosh,acosh,float,3.5,7.38,12.0,24.0,12.0,0.0,24.0
Гиперболические,acosh,acosh,half,3.5,7.6,12.0,16.0,12.0,0.0,48.0
Гиперболические,acosh,acosh,float4,9.0,28.21,48.0,96.0,48.0,9.0,192.0
Гиперболические,acosh,acosh,half4,10.0,30.65,48.0,64.0,48.0,10.0,192.0
Гиперболические,atanh,atanh,float,2.5,7.53,8.0,16.0,8.0,2.5,32.0
Гиперболические,atanh,atanh,half,2.5,7.67,8.0,16.0,8.0,2.5,32.0
Гиперболические,atanh,atanh,float4,9.0,24.31,32.0,64.0,32.0,9.0,176.0
Гиперболические,atanh,atanh,half4,9.0,30.41,32.0,64.0,32.0,9.0,128.0
Гиперболические,asinh_f,asinh (формула),float,3.5,7.38,12.0,24.0,12.0,3.5,48.0
Гиперболические,asinh_f,asinh (формула),half,3.5,7.6,12.0,16.0,12.0,3.5,48.0
Гиперболические,asinh_f,asinh (формула),float4,9.0,28.21,48.0,96.0,48.0,9.0,192.0
Гиперболические,asinh_f,asinh (формула),half4,10.0,30.65,48.0,64.0,48.0,10.0,192.0
Гиперболические,acosh_f,acosh (формула),float,3.5,7.38,12.0,24.0,12.0,3.5,48.0
Гиперболические,acosh_f,acosh (формула),half,3.5,7.6,12.0,16.0,12.0,3.5,48.0
Гиперболические,acosh_f,acosh (формула),float4,9.0,28.21,48.0,96.0,48.0,9.0,192.0
Гиперболические,acosh_f,acosh (формула),half4,10.0,30.65,48.0,64.0,48.0,10.0,192.0
Гиперболические,atanh_f,atanh (формула),float,2.5,7.53,8.0,16.0,8.0,2.5,32.0
Гиперболические,atanh_f,atanh (формула),half,2.5,7.67,8.0,16.0,8.0,2.5,32.0
Гиперболические,atanh_f,atanh (формула),float4,9.0,22.11,32.0,64.0,32.0,9.0,128.0
Гиперболические,atanh_f,atanh (формула),half4,9.0,30.41,32.0,64.0,32.0,9.0,128.0
Производные,ddx,ddx,float,0.5,3.55,8.0,4.06,4.06,0.5,44.0
Производные,ddx,ddx,half,0.5,3.5,8.0,4.06,4.06,0.44,32.0
Производные,ddx,ddx,float4,1.0,12.91,32.0,16.0,16.0,1.0,128.0
Производные,ddx,ddx,half4,1.0,13.62,32.0,14.97,15.06,1.0,128.0
Производные,ddy,ddy,float,0.5,3.55,8.0,4.06,4.06,0.5,32.0
Производные,ddy,ddy,half,0.5,3.5,8.0,4.06,4.06,0.5,32.0
Производные,ddy,ddy,float4,1.0,12.68,32.0,16.0,16.0,1.0,128.0
Производные,ddy,ddy,half4,1.0,13.49,32.0,14.97,14.88,0.0,32.0
Производные,fwidth,fwidth,float,0.5,6.14,12.1,6.05,6.42,0.5,64.0
Производные,fwidth,fwidth,half,0.5,6.46,12.15,6.08,7.08,0.5,64.0
Производные,fwidth,fwidth,float4,2.0,26.34,48.0,24.0,29.89,2.0,256.0
Производные,fwidth,fwidth,half4,2.0,24.19,48.0,22.91,25.31,2.0,256.0
Векторные,dot,dot,float,0.0,1.82,3.0,3.0,3.0,0.0,29.75
Векторные,dot,dot,half,0.0,1.75,3.0,3.0,3.0,0.0,12.0
Векторные,dot,dot,float4,0.0,2.49,4.0,4.0,4.0,0.0,16.0
Векторные,dot,dot,half4,0.0,1.75,3.0,3.0,3.0,0.0,12.0
Векторные,length,length,float,1.0,3.99,8.0,16.0,8.0,1.0,48.0
Векторные,length,length,half,1.0,4.89,5.0,8.0,5.0,1.0,20.0
Векторные,length,length,float4,1.0,4.76,8.0,16.0,8.0,1.0,32.0
Векторные,length,length,half4,1.0,4.62,6.0,8.0,6.0,1.0,24.0
Векторные,distance,distance,float,2.0,6.36,8.0,16.0,8.0,2.0,41.75
Векторные,distance,distance,half,2.0,5.86,7.0,8.0,7.0,2.0,28.0
Векторные,distance,distance,float4,2.0,7.96,8.0,16.0,8.0,2.0,32.0
Векторные,distance,distance,half4,2.0,5.75,8.0,8.0,8.0,2.0,32.0
Векторные,normalize,normalize,float,1.0,5.36,4.0,8.0,5.36,0.0,29.75
Векторные,normalize,normalize,half,1.0,4.97,6.0,8.0,6.0,0.0,8.0
Векторные,normalize,normalize,float4,2.0,6.87,4.0,8.0,7.09,1.51,16.0
Векторные,normalize,normalize,half4,2.0,4.71,7.0,8.0,7.0,2.0,28.0
Векторные,reflect,reflect,float,2.0,4.66,7.0,7.0,7.0,2.0,45.75
Векторные,reflect,reflect,half,2.0,3.85,6.0,6.0,6.0,0.0,6.0
Векторные,reflect,reflect,float4,2.0,5.9,9.0,9.0,9.0,1.14,36.0
Векторные,reflect,reflect,half4,2.0,4.24,6.0,6.0,6.0,2.0,24.0
Векторные,refract,refract,float,5.0,15.11,13.0,16.0,15.11,5.0,69.75
Векторные,refract,refract,half,5.0,12.49,11.0,11.0,11.0,5.0,44.0
Векторные,refract,refract,float4,5.0,19.11,16.0,16.0,16.0,5.0,64.0
Векторные,refract,refract,half4,5.0,11.56,11.0,11.0,11.0,5.0,60.0
Векторные,faceforward,faceforward,float,2.0,5.51,12.0,4.14,8.28,2.0,48.0
Векторные,faceforward,faceforward,half,2.0,4.41,3.0,3.0,3.0,2.0,12.0
Векторные,faceforward,faceforward,float4,2.0,6.8,16.0,5.12,8.95,2.0,64.0
Векторные,faceforward,faceforward,half4,2.0,3.14,3.0,3.0,3.0,2.0,12.0
Векторные,cross,cross,float,2.0,4.31,3.0,3.0,3.0,2.0,29.75
Векторные,cross,cross,half,2.0,3.81,5.0,5.0,5.0,2.0,20.0
Векторные,cross,cross,float4,2.0,4.31,3.0,3.0,3.0,2.0,29.75
Векторные,cross,cross,half4,2.0,3.81,5.0,5.0,5.0,2.0,20.0
Матрицы,mul_mat,"mul(matrix, vector)",float,2.0,7.36,6.0,6.0,6.0,2.0,41.75
Матрицы,mul_mat,"mul(matrix, vector)",half,3.0,4.81,4.0,4.0,4.0,3.0,16.0
Матрицы,mul_mat,"mul(matrix, vector)",float4,3.0,13.94,12.0,12.0,12.0,0.0,48.0
Матрицы,mul_mat,"mul(matrix, vector)",half4,4.5,6.44,6.0,6.0,6.0,4.5,24.0
Степени и логарифмы,pow2,"pow(x, 2)",float,0.5,0.5,0.0,0.0,0.0,0.0,0.56
Степени и логарифмы,pow2,"pow(x, 2)",half,0.5,0.5,0.0,0.0,0.0,0.0,0.53
Степени и логарифмы,pow2,"pow(x, 2)",float4,0.0,1.89,0.0,0.0,0.0,0.0,2.01
Степени и логарифмы,pow2,"pow(x, 2)",half4,0.0,0.86,0.0,0.0,0.0,0.0,2.13
Степени и логарифмы,pow3,"pow(x, 3)",float,1.0,1.51,1.0,1.0,1.0,1.0,4.0
Степени и логарифмы,pow3,"pow(x, 3)",half,1.0,1.51,1.0,8.0,1.2,1.0,8.0
Степени и логарифмы,pow3,"pow(x, 3)",float4,1.0,5.89,4.0,4.0,4.0,1.0,16.0
Степени и логарифмы,pow3,"pow(x, 3)",half4,1.0,2.76,2.0,32.0,2.61,1.0,32.0
Степени и логарифмы,pow4,"pow(x, 4)",float,1.0,1.44,1.0,1.0,1.0,0.93,4.0
Степени и логарифмы,pow4,"pow(x, 4)",half,1.0,1.44,1.0,8.0,1.07,1.0,8.0
Степени и логарифмы,pow4,"pow(x, 4)",float4,1.0,5.89,4.0,4.0,4.0,1.0,16.0
Степени и логарифмы,pow4,"pow(x, 4)",half4,1.0,2.58,2.0,32.0,2.44,1.0,32.0
Степени и логарифмы,pow5,"pow(x, 5)",float,1.5,2.5,2.0,2.0,2.0,1.5,8.0
Степени и логарифмы,pow5,"pow(x, 5)",half,1.5,2.5,2.0,8.0,2.0,1.5,8.0
Степени и логарифмы,pow5,"pow(x, 5)",float4,1.0,9.89,8.0,8.0,8.0,1.0,32.0
Степени и логарифмы,pow5,"pow(x, 5)",half4,1.0,4.84,4.0,32.0,4.44,1.0,32.0
Степени и логарифмы,pow05,"pow(x, 0.5)",float,1.5,2.75,8.0,16.0,8.0,1.5,32.0
Степени и логарифмы,pow05,"pow(x, 0.5)",half,1.5,2.56,8.0,8.0,8.0,1.5,32.0
Степени и логарифмы,pow05,"pow(x, 0.5)",float4,7.0,10.56,32.0,64.0,32.0,7.0,128.0
Степени и логарифмы,pow05,"pow(x, 0.5)",half4,8.0,8.94,32.0,32.0,32.0,7.88,128.0
Степени и логарифмы,pow22,"pow(x, 2.2)",float,1.5,5.07,8.0,16.0,8.0,1.5,32.0
Степени и логарифмы,pow22,"pow(x, 2.2)",half,1.5,5.42,8.0,8.0,8.0,1.5,32.0
Степени и логарифмы,pow22,"pow(x, 2.2)",float4,7.0,19.26,32.0,64.0,32.0,7.0,128.0
Степени и логарифмы,pow22,"pow(x, 2.2)",half4,8.0,23.51,32.0,32.0,32.0,8.0,128.0
Степени и логарифмы,pow1_22,"pow(x, 1/2.2)",float,1.5,5.07,8.0,16.0,8.0,1.5,32.0
Степени и логарифмы,pow1_22,"pow(x, 1/2.2)",half,1.5,5.42,8.0,8.0,8.0,1.5,32.0
Степени и логарифмы,pow1_22,"pow(x, 1/2.2)",float4,7.0,19.26,32.0,64.0,32.0,7.0,128.0
Степени и логарифмы,pow1_22,"pow(x, 1/2.2)",half4,8.0,23.51,32.0,32.0,32.0,8.0,128.0
Степени и логарифмы,log10,log10,float,1.5,3.51,4.0,8.0,4.0,1.5,16.0
Степени и логарифмы,log10,log10,half,1.5,3.75,4.0,8.0,4.0,1.5,16.0
Степени и логарифмы,log10,log10,float4,4.0,11.76,16.0,32.0,16.0,4.0,64.0
Степени и логарифмы,log10,log10,half4,4.0,14.94,16.0,32.0,16.0,4.0,64.0
Степени и логарифмы,ldexp,ldexp,float,1.5,2.76,4.0,8.0,4.0,1.5,16.0
Степени и логарифмы,ldexp,ldexp,half,1.5,2.81,4.0,8.0,4.0,1.5,16.0
Степени и логарифмы,ldexp,ldexp,float4,4.0,10.6,16.0,32.0,16.0,4.0,64.0
Степени и логарифмы,ldexp,ldexp,half4,4.0,14.44,16.0,32.0,16.0,4.0,64.0
Степени и логарифмы,frexp,frexp,float,3.0,2.0,3.06,3.06,3.06,1.61,12.25
Степени и логарифмы,frexp,frexp,half,3.56,2.0,2.99,2.99,2.99,1.55,11.95
Степени и логарифмы,frexp,frexp,float4,5.0,6.28,12.0,12.0,12.0,5.0,47.0
Степени и логарифмы,frexp,frexp,half4,6.0,12.88,9.81,9.88,9.94,6.0,36.5
Округление,modf,modf,float,1.0,1.01,1.0,2.0,1.01,0.88,4.0
Округление,modf,modf,half,1.0,1.45,1.0,2.0,1.45,1.0,4.0
Округление,modf,modf,float4,1.0,3.7,4.0,8.0,4.0,1.0,15.0
Округление,modf,modf,half4,1.0,7.47,5.31,12.0,7.47,1.0,18.5
Сравнения,select,x > a ? b : x,float,1.51,0.62,1.0,1.0,1.0,0.56,4.0
Сравнения,select,x > a ? b : x,half,1.5,0.78,1.5,1.5,1.5,0.75,6.0
Сравнения,select,x > a ? b : x,float4,1.0,2.16,4.12,4.12,4.12,1.0,15.7
Сравнения,select,x > a ? b : x,half4,2.0,0.8,0.74,0.86,0.8,0.55,6.53
Сравнения,cmp,(float)(x > a),float,1.0,0.5,1.0,1.0,1.0,0.5,4.0
Сравнения,cmp,(float)(x > a),half,1.0,1.0,1.0,1.0,1.0,0.94,4.0
Сравнения,cmp,(float)(x > a),float4,1.0,2.0,4.12,4.12,4.12,1.0,15.7
Сравнения,cmp,(float)(x > a),half4,1.0,1.26,2.14,2.14,2.14,1.0,7.05
Сравнения,any,any,float,1.0,3.65,3.99,3.99,3.99,1.0,17.75
Сравнения,any,any,half,1.0,5.14,4.0,5.0,4.92,1.0,16.0
Сравнения,any,any,float4,1.0,5.84,5.0,5.0,5.0,1.0,19.5
Сравнения,any,any,half4,1.0,4.24,12.0,7.74,7.81,1.0,48.0
Сравнения,all,all,float,1.0,3.65,3.99,3.99,3.99,1.0,17.75
Сравнения,all,all,half,1.0,3.09,4.0,5.0,4.0,1.0,16.0
Сравнения,all,all,float4,1.0,5.84,5.0,5.0,5.0,1.0,19.5
Сравнения,all,all,half4,1.0,4.24,12.0,7.74,7.81,1.0,48.0
Сравнения,isnan,isnan,float,1.0,2.5,1.0,1.0,1.0,0.93,4.0
Сравнения,isnan,isnan,half,1.0,2.5,1.0,1.0,1.0,1.0,4.0
Сравнения,isnan,isnan,float4,1.0,6.69,4.0,4.0,4.0,1.0,15.5
Сравнения,isnan,isnan,half4,1.0,5.27,2.38,2.38,2.38,1.0,8.0
Сравнения,isinf,isinf,float,1.0,0.5,1.0,1.0,1.0,0.44,4.0
Сравнения,isinf,isinf,half,1.0,1.5,1.0,1.0,1.0,1.0,4.0
Сравнения,isinf,isinf,float4,1.0,1.91,4.0,4.0,4.0,1.0,15.5
Сравнения,isinf,isinf,half4,1.0,2.06,2.38,2.38,2.38,1.0,8.0
Сравнения,isfinite,isfinite,float,2.5,3.51,4.0,4.06,4.0,2.5,16.0
Сравнения,isfinite,isfinite,half,2.5,3.51,4.0,3.99,3.99,2.5,16.0
Сравнения,isfinite,isfinite,float4,2.0,8.57,8.0,8.0,8.0,2.0,31.5
Сравнения,isfinite,isfinite,half4,2.0,7.89,4.38,4.41,4.44,2.0,16.0
Конвертации,i2f,(float)(int)x,float,1.0,0.5,1.0,2.0,1.0,0.5,4.0
Конвертации,i2f,(float)(int)x,half,1.0,0.5,1.0,3.0,1.0,0.5,4.0
Конвертации,i2f,(float)(int)x,float4,2.0,1.94,4.0,8.0,4.0,1.81,15.5
Конвертации,i2f,(float)(int)x,half4,2.0,1.0,2.33,10.0,2.33,0.76,10.0
Конвертации,f32tof16,f32tof16,float,0.0,0.5,1.0,0.0,0.07,0.0,4.0
Конвертации,f32tof16,f32tof16,half,0.0,0.5,1.0,0.0,0.0,0.0,4.0
Конвертации,f32tof16,f32tof16,float4,1.0,3.11,3.88,0.0,1.0,0.0,15.5
Конвертации,f32tof16,f32tof16,half4,2.0,3.69,2.49,2.0,2.49,2.0,9.95
Конвертации,f16tof32,f16tof32,float,0.0,0.5,0.0,0.0,0.0,0.0,0.62
Конвертации,f16tof32,f16tof32,half,0.0,0.5,0.0,0.0,0.0,0.0,0.5
Конвертации,f16tof32,f16tof32,float4,1.0,0.18,0.0,0.0,0.0,0.0,1.07
Конвертации,f16tof32,f16tof32,half4,1.0,1.01,2.0,2.0,2.0,0.93,8.0
Целые числа,iadd,int a + b,float,0.5,0.5,1.0,1.0,1.0,0.5,4.0
Целые числа,iadd,int a + b,float4,0.5,2.08,4.0,4.0,4.0,0.5,16.0
Целые числа,imul,int a * b,float,0.5,1.0,4.0,8.0,4.0,0.5,16.0
Целые числа,imul,int a * b,float4,1.0,4.0,16.0,32.0,16.0,1.0,64.0
Целые числа,idiv,int a / b,float,5.5,15.55,17.95,24.0,17.95,5.5,71.8
Целые числа,idiv,int a / b,float4,19.75,61.92,72.0,96.0,72.0,19.75,288.0
Целые числа,imod,int a % b,float,8.5,20.62,24.0,32.0,24.0,8.5,91.8
Целые числа,imod,int a % b,float4,22.0,82.17,96.0,128.0,96.0,22.0,368.0
Целые числа,udiv,uint a / b,float,4.5,13.55,14.0,24.0,14.0,4.5,56.0
Целые числа,udiv,uint a / b,float4,14.25,53.92,56.0,96.0,56.0,14.25,224.0
Целые числа,umod,uint a % b,float,5.5,14.55,16.0,32.0,16.0,5.5,64.0
Целые числа,umod,uint a % b,float4,16.75,57.92,64.0,128.0,64.0,16.75,256.0
Целые числа,imin,min(int),float,0.5,0.5,0.99,0.99,0.99,0.5,3.95
Целые числа,imin,min(int),float4,0.5,1.93,4.0,4.0,4.0,0.5,16.0
Целые числа,iabs,abs(int),float,0.5,0.5,0.99,0.99,0.99,0.2,3.95
Целые числа,iabs,abs(int),float4,0.5,1.93,4.0,4.0,4.0,0.5,16.0
Целые числа,ishl,int a << b,float,0.5,0.5,4.0,0.99,0.99,0.0,16.0
Целые числа,ishl,int a << b,float4,0.5,1.93,16.0,4.0,4.0,0.5,64.0
Целые числа,ushr,uint a >> b,float,0.5,0.5,4.0,0.99,0.99,0.0,16.0
Целые числа,ushr,uint a >> b,float4,0.5,1.93,16.0,4.0,4.0,0.5,64.0
Целые числа,iand,int a & b,float,0.5,0.5,4.0,0.99,0.99,0.5,16.0
Целые числа,iand,int a & b,float4,0.5,1.93,16.0,4.0,4.0,0.5,64.0
Целые числа,countbits,countbits,float,1.5,0.5,4.0,8.0,4.0,0.5,16.0
Целые числа,countbits,countbits,float4,5.5,1.93,16.0,32.0,16.0,1.93,64.0
Целые числа,firstbithigh,firstbithigh,float,1.0,1.45,4.0,8.0,4.0,0.73,16.0
Целые числа,firstbithigh,firstbithigh,float4,1.5,4.38,16.0,32.0,16.0,1.5,64.0
Целые числа,firstbitlow,firstbitlow,float,2.0,2.61,8.0,16.0,8.0,1.8,32.0
Целые числа,firstbitlow,firstbitlow,float4,2.5,9.85,32.0,64.0,32.0,2.5,128.0
Целые числа,reversebits,reversebits,float,7.06,0.5,4.0,8.0,7.06,0.5,16.0
Целые числа,reversebits,reversebits,float4,11.5,1.93,16.0,32.0,16.0,1.93,64.0
Матрицы,mul_matmat,"mul(matrix, matrix)",float,8.25,22.23,18.12,18.12,18.12,8.25,72.5
Матрицы,mul_matmat,"mul(matrix, matrix)",half,10.75,14.55,13.0,12.0,13.0,10.75,52.0
Матрицы,mul_matmat,"mul(matrix, matrix)",float4,14.0,55.75,48.0,48.0,48.0,14.0,192.0
Матрицы,mul_matmat,"mul(matrix, matrix)",half4,16.75,27.9,24.12,24.12,24.12,16.75,96.5
Матрицы,transpose,transpose,float,0.0,0.0,0.0,0.0,0.0,0.0,1.6
Матрицы,transpose,transpose,half,0.0,1.68,3.51,2.44,2.44,0.0,14.05
Матрицы,transpose,transpose,float4,3.5,0.0,0.06,0.0,0.06,0.0,3.5
Матрицы,transpose,transpose,half4,3.12,4.65,8.38,8.32,8.32,3.12,33.5
Матрицы,determinant,determinant,float,2.0,16.23,12.12,12.12,12.12,2.0,48.5
Матрицы,determinant,determinant,half,3.0,11.55,10.0,9.0,9.0,3.0,40.0
Матрицы,determinant,determinant,float4,14.5,56.0,51.0,51.0,51.0,14.5,204.0
Матрицы,determinant,determinant,half4,12.25,28.8,26.0,26.0,26.0,12.25,104.0
Unity (URP),unpack_rgb,UnpackNormalRGBNoScale,float,1.0,1.94,3.0,3.0,3.0,1.0,12.0
Unity (URP),unpack_rgb,UnpackNormalRGBNoScale,half,1.0,2.12,2.0,2.0,2.0,1.0,8.0
Unity (URP),unpack_rgb,UnpackNormalRGBNoScale,float4,1.0,1.94,3.0,3.0,3.0,1.0,12.0
Unity (URP),unpack_rgb,UnpackNormalRGBNoScale,half4,1.0,2.12,2.0,2.0,2.0,1.0,8.0
Unity (URP),unpack_ag,UnpackNormalAG,float,3.0,5.59,8.0,8.0,8.0,3.0,32.0
Unity (URP),unpack_ag,UnpackNormalAG,half,3.0,5.51,8.0,8.0,8.0,3.0,32.0
Unity (URP),unpack_ag,UnpackNormalAG,float4,3.0,5.59,8.0,8.0,8.0,3.0,32.0
Unity (URP),unpack_ag,UnpackNormalAG,half4,3.0,5.51,8.0,8.0,8.0,3.0,32.0
Unity (URP),unpack_rgag,UnpackNormalmapRGorAG,float,4.0,6.57,8.0,8.0,8.0,4.0,32.0
Unity (URP),unpack_rgag,UnpackNormalmapRGorAG,half,4.0,5.55,8.0,8.0,8.0,4.0,32.0
Unity (URP),unpack_rgag,UnpackNormalmapRGorAG,float4,4.0,6.57,8.0,8.0,8.0,4.0,32.0
Unity (URP),unpack_rgag,UnpackNormalmapRGorAG,half4,4.0,5.55,8.0,8.0,8.0,4.0,32.0
Unity (URP),luminance,Luminance,float,0.0,1.73,3.0,3.0,3.0,0.0,29.75
Unity (URP),luminance,Luminance,half,0.0,1.81,3.0,3.0,3.0,0.0,12.0
Unity (URP),luminance,Luminance,float4,0.0,1.73,3.0,3.0,3.0,0.0,29.75
Unity (URP),luminance,Luminance,half4,0.0,1.81,3.0,3.0,3.0,0.0,12.0
Unity (URP),srgb2lin,SRGBToLinear,float,8.0,22.51,24.0,48.0,24.0,8.0,96.0
Unity (URP),srgb2lin,SRGBToLinear,half,9.0,25.68,24.0,24.0,24.0,9.0,96.0
Unity (URP),srgb2lin,SRGBToLinear,float4,8.0,22.51,24.0,48.0,24.0,8.0,96.0
Unity (URP),srgb2lin,SRGBToLinear,half4,9.0,25.68,24.0,24.0,24.0,9.0,96.0
Unity (URP),srgb2lin_f,FastSRGBToLinear,float,2.0,7.36,6.0,6.0,6.0,2.0,41.75
Unity (URP),srgb2lin_f,FastSRGBToLinear,half,2.0,4.96,4.0,4.0,4.0,2.0,16.0
Unity (URP),srgb2lin_f,FastSRGBToLinear,float4,2.0,7.36,6.0,6.0,6.0,2.0,41.75
Unity (URP),srgb2lin_f,FastSRGBToLinear,half4,2.0,4.96,4.0,4.0,4.0,2.0,16.0
Unity (URP),lin2srgb,LinearToSRGB,float,8.0,22.72,24.0,48.0,24.0,8.0,96.0
Unity (URP),lin2srgb,LinearToSRGB,half,8.25,25.81,24.0,24.0,24.0,8.25,96.0
Unity (URP),lin2srgb,LinearToSRGB,float4,8.0,22.72,24.0,48.0,24.0,8.0,96.0
Unity (URP),lin2srgb,LinearToSRGB,half4,8.25,25.81,24.0,24.0,24.0,8.25,96.0
Unity (URP),lin2srgb_f,FastLinearToSRGB,float,7.0,17.81,24.0,48.0,24.0,7.0,96.0
Unity (URP),lin2srgb_f,FastLinearToSRGB,half,7.0,21.99,24.0,24.0,24.0,7.0,96.0
Unity (URP),lin2srgb_f,FastLinearToSRGB,float4,7.0,17.81,24.0,48.0,24.0,7.0,96.0
Unity (URP),lin2srgb_f,FastLinearToSRGB,half4,7.0,21.99,24.0,24.0,24.0,7.0,96.0
Unity (URP),safenorm,SafeNormalize,float,2.0,5.36,4.0,8.0,5.51,2.0,29.75
Unity (URP),safenorm,SafeNormalize,half,2.0,4.11,4.0,8.0,4.17,2.0,16.0
Unity (URP),safenorm,SafeNormalize,float4,2.0,5.36,4.0,8.0,5.51,2.0,29.75
Unity (URP),safenorm,SafeNormalize,half4,2.0,4.11,4.0,8.0,4.17,2.0,16.0
Текстуры,tex2D,tex2D,float,1.0,1.0,1.0,1.0,1.0,1.0,1.0
Текстуры,tex2D,tex2D,half,1.0,1.0,1.0,1.0,1.0,1.0,1.0
Текстуры,tex2D,tex2D,float4,1.0,1.0,1.0,1.0,1.0,1.0,1.0
Текстуры,tex2D,tex2D,half4,1.0,1.0,1.0,1.0,1.0,1.0,1.0
Текстуры,tex2Dlod,tex2Dlod,float,1.0,1.0,1.0,1.0,1.0,1.0,1.0
Текстуры,tex2Dlod,tex2Dlod,half,1.0,1.0,1.0,1.0,1.0,1.0,1.0
Текстуры,tex2Dlod,tex2Dlod,float4,1.0,1.0,1.0,1.0,1.0,1.0,1.0
Текстуры,tex2Dlod,tex2Dlod,half4,1.0,1.0,1.0,1.0,1.0,1.0,1.0
Текстуры,tex2Dbias,tex2Dbias,float,1.0,1.0,1.0,1.0,1.0,1.0,1.0
Текстуры,tex2Dbias,tex2Dbias,half,1.0,1.0,1.0,1.0,1.0,1.0,1.0
Текстуры,tex2Dbias,tex2Dbias,float4,1.0,1.0,1.0,1.0,1.0,1.0,1.0
Текстуры,tex2Dbias,tex2Dbias,half4,1.0,1.0,1.0,1.0,1.0,1.0,1.0
Текстуры,tex2Dgrad,tex2Dgrad,float,2.0,2.0,2.0,2.0,2.0,2.0,2.0
Текстуры,tex2Dgrad,tex2Dgrad,half,2.0,2.0,2.0,2.0,2.0,2.0,2.0
Текстуры,tex2Dgrad,tex2Dgrad,float4,2.0,2.0,2.0,2.0,2.0,2.0,2.0
Текстуры,tex2Dgrad,tex2Dgrad,half4,2.0,2.0,2.0,2.0,2.0,2.0,2.0
Текстуры,tex2Doffs,Sample + offset,float,1.0,1.0,1.0,1.0,1.0,1.0,1.0
Текстуры,tex2Doffs,Sample + offset,half,1.0,1.0,1.0,1.0,1.0,1.0,1.0
Текстуры,tex2Doffs,Sample + offset,float4,1.0,1.0,1.0,1.0,1.0,1.0,1.0
Текстуры,tex2Doffs,Sample + offset,half4,1.0,1.0,1.0,1.0,1.0,1.0,1.0
Текстуры,tex2Dproj,tex2Dproj,float,1.0,1.0,1.0,1.0,1.0,1.0,1.0
Текстуры,tex2Dproj,tex2Dproj,half,1.0,1.0,1.0,1.0,1.0,1.0,1.0
Текстуры,tex2Dproj,tex2Dproj,float4,1.0,1.0,1.0,1.0,1.0,1.0,1.0
Текстуры,tex2Dproj,tex2Dproj,half4,1.0,1.0,1.0,1.0,1.0,1.0,1.0
Текстуры,texload,Load,float,1.0,1.0,1.0,1.0,1.0,1.0,1.0
Текстуры,texload,Load,half,1.0,1.0,1.0,1.0,1.0,1.0,1.0
Текстуры,texload,Load,float4,1.0,1.0,1.0,1.0,1.0,1.0,1.0
Текстуры,texload,Load,half4,1.0,1.0,1.0,1.0,1.0,1.0,1.0
Текстуры,texgather,Gather,float,1.0,1.0,1.0,1.0,1.0,1.0,1.0
Текстуры,texgather,Gather,half,1.0,1.0,1.0,1.0,1.0,1.0,1.0
Текстуры,texgather,Gather,float4,1.0,1.0,1.0,1.0,1.0,1.0,1.0
Текстуры,texgather,Gather,half4,1.0,1.0,1.0,1.0,1.0,1.0,1.0
Текстуры,tex3D,tex3D,float,1.0,1.0,1.0,1.0,1.0,1.0,1.0
Текстуры,tex3D,tex3D,half,1.0,1.0,1.0,1.0,1.0,1.0,1.0
Текстуры,tex3D,tex3D,float4,1.0,1.0,1.0,1.0,1.0,1.0,1.0
Текстуры,tex3D,tex3D,half4,1.0,1.0,1.0,1.0,1.0,1.0,1.0
Текстуры,texCUBE,texCUBE,float,1.0,1.0,1.0,1.0,1.0,1.0,1.0
Текстуры,texCUBE,texCUBE,half,1.0,1.0,1.0,1.0,1.0,1.0,1.0
Текстуры,texCUBE,texCUBE,float4,1.0,1.0,1.0,1.0,1.0,1.0,1.0
Текстуры,texCUBE,texCUBE,half4,1.0,1.0,1.0,1.0,1.0,1.0,1.0
Текстуры,texCUBElod,texCUBElod,float,1.0,1.0,1.0,1.0,1.0,1.0,1.0
Текстуры,texCUBElod,texCUBElod,half,1.0,1.0,1.0,1.0,1.0,1.0,1.0
Текстуры,texCUBElod,texCUBElod,float4,1.0,1.0,1.0,1.0,1.0,1.0,1.0
Текстуры,texCUBElod,texCUBElod,half4,1.0,1.0,1.0,1.0,1.0,1.0,1.0
Текстуры,texarray,Texture2DArray,float,1.0,1.0,1.0,1.0,1.0,1.0,1.0
Текстуры,texarray,Texture2DArray,half,1.0,1.0,1.0,1.0,1.0,1.0,1.0
Текстуры,texarray,Texture2DArray,float4,1.0,1.0,1.0,1.0,1.0,1.0,1.0
Текстуры,texarray,Texture2DArray,half4,1.0,1.0,1.0,1.0,1.0,1.0,1.0
Текстуры,texshadow,SampleCmp (shadow),float,1.0,1.0,1.0,1.0,1.0,1.0,1.0
Текстуры,texshadow,SampleCmp (shadow),half,1.0,1.0,1.0,1.0,1.0,1.0,1.0
Текстуры,texshadow,SampleCmp (shadow),float4,1.0,1.0,1.0,1.0,1.0,1.0,1.0
Текстуры,texshadow,SampleCmp (shadow),half4,1.0,1.0,1.0,1.0,1.0,1.0,1.0
