category,func,hlsl,variant,median Bifrost,median Valhall,median Arm 5th Generation,median all,min all,max all
Арифметика,add,a + b,float,0.5,1.0,1.0,1.0,0.5,1.0
Арифметика,add,a + b,half,0.5,1.0,1.0,1.0,0.47,1.0
Арифметика,add,a + b,float4,1.93,4.0,4.0,4.0,1.87,4.0
Арифметика,add,a + b,half4,1.44,2.0,2.0,2.0,1.41,2.0
Арифметика,mul,a * b,float,1.0,1.0,1.0,1.0,1.0,1.0
Арифметика,mul,a * b,half,1.0,1.0,1.0,1.0,0.94,1.0
Арифметика,mul,a * b,float4,4.0,4.0,4.0,4.0,3.71,4.06
Арифметика,mul,a * b,half4,2.38,2.0,2.0,2.0,2.0,2.39
Арифметика,mad,mad / a*b+c,float,1.0,1.0,1.0,1.0,1.0,1.0
Арифметика,mad,mad / a*b+c,half,1.0,1.0,1.0,1.0,0.94,1.0
Арифметика,mad,mad / a*b+c,float4,3.95,4.0,4.0,4.0,3.77,4.0
Арифметика,mad,mad / a*b+c,half4,2.01,2.0,2.0,2.0,1.83,2.12
Арифметика,div,a / b,float,1.49,4.0,8.0,4.0,1.42,8.0
Арифметика,div,a / b,half,1.5,4.0,8.0,4.0,1.41,8.0
Арифметика,div,a / b,float4,2.39,16.0,32.0,16.0,2.37,32.0
Арифметика,div,a / b,half4,5.88,16.0,32.0,16.0,5.67,32.0
Арифметика,rcp,rcp,float,1.49,4.0,8.0,4.0,1.35,8.0
Арифметика,rcp,rcp,half,1.49,4.0,8.0,4.0,1.41,8.0
Арифметика,rcp,rcp,float4,2.46,16.0,32.0,16.0,2.38,32.0
Арифметика,rcp,rcp,half4,4.54,16.0,32.0,16.0,4.11,32.0
Арифметика,abs,abs,float,0.0,0.0,0.0,0.0,0.0,0.0
Арифметика,abs,abs,half,0.0,0.0,0.0,0.0,0.0,0.0
Арифметика,abs,abs,float4,0.0,0.0,0.0,0.0,0.0,0.0
Арифметика,abs,abs,half4,0.0,0.0,0.0,0.0,0.0,0.0
Арифметика,sign,sign,float,1.5,2.01,2.01,2.01,1.34,4.03
Арифметика,sign,sign,half,1.5,1.99,1.99,1.99,1.41,3.98
Арифметика,sign,sign,float4,4.34,8.0,8.0,8.0,4.32,16.0
Арифметика,sign,sign,half4,2.45,4.44,4.44,4.44,2.31,8.88
Арифметика,min,min,float,0.5,1.0,1.0,1.0,0.47,2.0
Арифметика,min,min,half,0.5,1.0,1.0,1.0,0.47,2.0
Арифметика,min,min,float4,1.97,4.0,4.0,4.0,1.96,8.0
Арифметика,min,min,half4,0.66,2.19,2.19,2.19,0.62,4.38
Арифметика,max,max,float,0.5,1.0,1.0,1.0,0.47,2.0
Арифметика,max,max,half,0.5,1.0,1.0,1.0,0.47,2.0
Арифметика,max,max,float4,1.97,4.0,4.0,4.0,1.96,8.0
Арифметика,max,max,half4,0.66,2.19,2.19,2.19,0.62,4.38
Арифметика,clamp,clamp,float,1.49,2.01,2.01,2.01,1.0,4.03
Арифметика,clamp,clamp,half,1.44,1.99,1.99,1.99,1.0,3.98
Арифметика,clamp,clamp,float4,5.77,7.88,7.88,7.88,4.0,15.75
Арифметика,clamp,clamp,half4,2.42,2.74,2.74,2.74,1.11,5.47
Арифметика,saturate,saturate,float,0.0,0.0,0.0,0.0,0.0,0.0
Арифметика,saturate,saturate,half,0.44,0.0,0.0,0.0,0.0,0.44
Арифметика,saturate,saturate,float4,0.02,0.0,0.0,0.0,0.0,0.03
Арифметика,saturate,saturate,half4,0.69,0.0,0.0,0.0,0.0,0.94
Арифметика,lerp,lerp,float,1.53,2.0,2.0,2.0,1.5,2.0
Арифметика,lerp,lerp,half,1.44,2.0,2.0,2.0,1.41,2.0
Арифметика,lerp,lerp,float4,4.59,8.0,8.0,8.0,4.48,8.0
Арифметика,lerp,lerp,half4,2.42,4.0,4.0,4.0,2.26,4.0
Арифметика,step,step,float,0.5,1.0,1.0,1.0,0.47,2.0
Арифметика,step,step,half,0.97,1.0,1.0,1.0,0.88,2.0
Арифметика,step,step,float4,1.97,4.0,4.0,4.0,1.96,8.0
Арифметика,step,step,half4,2.14,2.19,2.19,2.19,1.89,4.38
Арифметика,smoothstep,smoothstep,float,4.0,5.0,8.0,5.0,3.63,8.0
Арифметика,smoothstep,smoothstep,half,3.78,5.0,8.0,5.0,3.56,8.0
Арифметика,smoothstep,smoothstep,float4,12.47,20.0,32.0,20.0,11.88,32.0
Арифметика,smoothstep,smoothstep,half4,10.7,16.0,32.0,16.0,9.77,32.0
Арифметика,smoothstep_c,smoothstep (константы),float,2.75,3.0,3.0,3.0,2.52,3.0
Арифметика,smoothstep_c,smoothstep (константы),half,2.74,3.0,3.0,3.0,2.58,3.0
Арифметика,smoothstep_c,smoothstep (константы),float4,10.44,12.0,12.0,12.0,9.82,12.0
Арифметика,smoothstep_c,smoothstep (константы),half4,4.78,6.0,6.0,6.0,4.59,6.0
Округление,floor,floor,float,0.5,1.0,2.0,1.0,0.47,2.0
Округление,floor,floor,half,0.5,1.0,3.0,1.0,0.47,3.0
Округление,floor,floor,float4,1.95,4.0,8.0,4.0,1.82,8.0
Округление,floor,floor,half4,0.81,2.39,10.0,2.39,0.77,10.0
Округление,ceil,ceil,float,0.5,1.0,2.0,1.0,0.47,2.0
Округление,ceil,ceil,half,0.5,1.0,3.0,1.0,0.47,3.0
Округление,ceil,ceil,float4,1.95,4.0,8.0,4.0,1.82,8.0
Округление,ceil,ceil,half4,0.81,2.39,10.0,2.39,0.77,10.0
Округление,round,round,float,0.5,1.0,2.0,1.0,0.47,2.0
Округление,round,round,half,0.5,1.0,3.0,1.0,0.47,3.0
Округление,round,round,float4,1.95,4.0,8.0,4.0,1.82,8.0
Округление,round,round,half4,0.81,2.39,10.0,2.39,0.77,10.0
Округление,trunc,trunc,float,0.5,1.0,2.0,1.0,0.47,2.0
Округление,trunc,trunc,half,0.5,1.0,3.0,1.0,0.47,3.0
Округление,trunc,trunc,float4,1.95,4.0,8.0,4.0,1.82,8.0
Округление,trunc,trunc,half4,0.81,2.39,10.0,2.39,0.77,10.0
Округление,frac,frac,float,1.06,1.0,3.0,1.06,1.0,3.0
Округление,frac,frac,half,1.06,1.0,4.0,1.06,1.0,4.0
Округление,frac,frac,float4,4.01,4.0,12.0,4.16,4.0,12.0
Округление,frac,frac,half4,2.12,2.44,14.0,2.44,2.0,14.0
Округление,fmod,fmod,float,2.7,4.0,8.0,4.0,2.47,8.0
Округление,fmod,fmod,half,2.7,4.0,8.0,4.0,2.54,8.0
Округление,fmod,fmod,float4,9.14,16.0,32.0,16.0,8.67,32.0
Округление,fmod,fmod,half4,8.64,16.0,32.0,16.0,8.19,32.0
Округление,mod,mod (GLSL),float,2.7,4.0,8.0,4.0,2.47,8.0
Округление,mod,mod (GLSL),half,2.7,4.0,8.0,4.0,2.54,8.0
Округление,mod,mod (GLSL),float4,9.14,16.0,32.0,16.0,8.67,32.0
Округление,mod,mod (GLSL),half4,8.64,16.0,32.0,16.0,8.19,32.0
Степени и логарифмы,sqrt,sqrt,float,2.51,8.0,16.0,8.0,2.29,16.0
Степени и логарифмы,sqrt,sqrt,half,1.49,8.0,8.0,8.0,1.4,16.0
Степени и логарифмы,sqrt,sqrt,float4,9.04,32.0,64.0,32.0,8.37,64.0
Степени и логарифмы,sqrt,sqrt,half4,8.4,32.0,32.0,32.0,6.94,64.0
Степени и логарифмы,rsqrt,rsqrt,float,1.49,4.0,8.0,4.0,1.35,8.0
Степени и логарифмы,rsqrt,rsqrt,half,1.49,4.0,8.0,4.0,1.41,8.0
Степени и логарифмы,rsqrt,rsqrt,float4,2.46,16.0,32.0,16.0,2.38,32.0
Степени и логарифмы,rsqrt,rsqrt,half4,4.54,16.0,32.0,16.0,4.11,32.0
Степени и логарифмы,exp2,exp2,float,2.7,4.0,8.0,4.0,2.47,8.0
Степени и логарифмы,exp2,exp2,half,2.62,4.0,8.0,4.0,2.47,8.0
Степени и логарифмы,exp2,exp2,float4,10.64,16.0,32.0,16.0,9.99,32.0
Степени и логарифмы,exp2,exp2,half4,13.91,16.0,32.0,16.0,13.31,32.0
Степени и логарифмы,exp,exp,float,2.49,4.0,8.0,4.0,2.29,8.0
Степени и логарифмы,exp,exp,half,2.43,4.0,8.0,4.0,2.29,8.0
Степени и логарифмы,exp,exp,float4,7.06,16.0,32.0,16.0,6.83,32.0
Степени и логарифмы,exp,exp,half4,10.98,16.0,32.0,16.0,10.28,32.0
Степени и логарифмы,log2,log2,float,2.8,4.0,8.0,4.0,2.59,8.0
Степени и логарифмы,log2,log2,half,2.81,4.0,8.0,4.0,2.65,8.0
Степени и логарифмы,log2,log2,float4,10.64,16.0,32.0,16.0,10.01,32.0
Степени и логарифмы,log2,log2,half4,14.43,16.0,32.0,16.0,13.86,32.0
Степени и логарифмы,log,log,float,3.55,4.0,8.0,4.0,3.29,8.0
Степени и логарифмы,log,log,half,3.56,4.0,8.0,4.0,3.35,8.0
Степени и логарифмы,log,log,float4,13.01,16.0,32.0,16.0,12.18,32.0
Степени и логарифмы,log,log,half4,19.0,16.0,32.0,19.72,16.0,32.0
Степени и логарифмы,pow,pow,float,5.5,8.0,16.0,8.0,5.13,16.0
Степени и логарифмы,pow,pow,half,5.83,8.0,8.0,8.0,5.48,16.0
Степени и логарифмы,pow,pow,float4,20.59,32.0,64.0,32.0,18.55,64.0
Степени и логарифмы,pow,pow,half4,23.0,32.0,32.0,32.0,22.94,64.0
Тригонометрия,sin,sin,float,5.62,8.0,16.0,8.0,5.25,16.0
Тригонометрия,sin,sin,half,4.75,8.0,16.0,8.0,4.47,16.0
Тригонометрия,sin,sin,float4,20.84,32.0,64.0,32.0,19.26,64.0
Тригонометрия,sin,sin,half4,20.81,32.0,64.0,32.0,19.69,64.0
Тригонометрия,cos,cos,float,5.95,8.0,16.0,8.0,5.53,16.0
Тригонометрия,cos,cos,half,5.45,8.0,16.0,8.0,5.18,16.0
Тригонометрия,cos,cos,float4,20.94,32.0,64.0,32.0,20.13,64.0
Тригонометрия,cos,cos,half4,22.31,32.0,64.0,32.0,20.82,64.0
Тригонометрия,sincos,sincos,float,7.0,10.0,16.0,10.0,6.4,16.0
Тригонометрия,sincos,sincos,half,6.95,9.0,16.0,9.0,6.59,16.0
Тригонометрия,sincos,sincos,float4,29.15,40.0,64.0,40.0,28.27,64.0
Тригонометрия,sincos,sincos,half4,29.01,36.0,64.0,36.0,26.82,64.0
Тригонометрия,tan,tan,float,8.81,12.0,24.0,12.0,8.26,24.0
Тригонометрия,tan,tan,half,8.8,12.0,24.0,12.0,8.28,24.0
Тригонометрия,tan,tan,float4,34.76,48.0,96.0,48.0,33.07,96.0
Тригонометрия,tan,tan,half4,35.67,48.0,96.0,48.0,33.18,96.0
Тригонометрия,asin,asin,float,19.19,20.0,40.0,20.0,18.28,40.0
Тригонометрия,asin,asin,half,19.1,20.0,40.0,20.0,18.35,40.0
Тригонометрия,asin,asin,float4,76.23,80.0,160.0,80.0,72.48,160.0
Тригонометрия,asin,asin,half4,74.23,80.0,160.0,80.0,70.56,160.0
Тригонометрия,acos,acos,float,19.5,20.0,40.0,20.0,18.0,40.0
Тригонометрия,acos,acos,half,19.5,20.0,40.0,20.0,18.35,40.0
Тригонометрия,acos,acos,float4,77.89,80.0,160.0,80.0,73.19,160.0
Тригонометрия,acos,acos,half4,65.19,80.0,160.0,80.0,64.06,160.0
Тригонометрия,atan,atan,float,14.99,16.0,32.0,16.0,12.68,32.0
Тригонометрия,atan,atan,half,15.04,16.0,32.0,16.0,12.9,32.0
Тригонометрия,atan,atan,float4,57.44,64.0,128.0,64.0,51.33,128.0
Тригонометрия,atan,atan,half4,50.0,64.0,128.0,64.0,46.56,128.0
Тригонометрия,atan2,atan2,float,14.09,16.0,32.0,16.0,13.45,32.0
Тригонометрия,atan2,atan2,half,15.02,16.0,32.0,16.0,13.5,32.0
Тригонометрия,atan2,atan2,float4,58.06,64.0,128.0,64.0,55.0,128.0
Тригонометрия,atan2,atan2,half4,53.88,64.0,128.0,64.0,50.71,128.0
Тригонометрия,radians,radians,float,0.5,0.0,0.0,0.0,0.0,0.5
Тригонометрия,radians,radians,half,0.5,0.0,0.0,0.0,0.0,0.5
Тригонометрия,radians,radians,float4,1.89,0.0,0.0,0.0,0.0,2.09
Тригонометрия,radians,radians,half4,0.81,0.0,0.0,0.0,0.0,1.0
Тригонометрия,degrees,degrees,float,0.5,0.0,0.0,0.0,0.0,0.5
Тригонометрия,degrees,degrees,half,0.5,0.0,0.0,0.0,0.0,0.5
Тригонометрия,degrees,degrees,float4,1.89,0.0,0.0,0.0,0.0,2.09
Тригонометрия,degrees,degrees,half4,0.81,0.0,0.0,0.0,0.0,1.0
Гиперболические,sinh,sinh,float,6.5,8.0,16.0,8.0,6.05,16.0
Гиперболические,sinh,sinh,half,7.5,8.0,16.0,8.0,7.06,17.45
Гиперболические,sinh,sinh,float4,19.26,32.0,64.0,32.0,19.19,64.0
Гиперболические,sinh,sinh,half4,21.63,32.0,64.0,32.0,20.35,64.0
Гиперболические,cosh,cosh,float,6.5,8.0,16.0,8.0,6.05,16.0
Гиперболические,cosh,cosh,half,7.5,8.0,16.0,8.0,7.06,17.45
Гиперболические,cosh,cosh,float4,19.26,32.0,64.0,32.0,19.19,64.0
Гиперболические,cosh,cosh,half4,21.63,32.0,64.0,32.0,20.35,64.0
Гиперболические,tanh,tanh,float,10.12,8.0,16.0,10.16,8.0,16.0
Гиперболические,tanh,tanh,half,9.5,8.0,16.0,9.53,8.0,16.0
Гиперболические,tanh,tanh,float4,34.01,32.0,64.0,37.39,31.82,64.0
Гиперболические,tanh,tanh,half4,25.07,32.0,64.0,32.0,23.6,64.0
Гиперболические,asinh,asinh,float,7.47,12.0,24.0,12.0,6.99,24.0
Гиперболические,asinh,asinh,half,7.47,12.0,24.0,12.0,7.06,24.0
Гиперболические,asinh,asinh,float4,28.39,48.0,96.0,48.0,26.84,96.0
Гиперболические,asinh,asinh,half4,30.82,48.0,96.0,48.0,28.59,96.0
Гиперболические,acosh,acosh,float,7.47,12.0,24.0,12.0,6.99,24.0
Гиперболические,acosh,acosh,half,7.5,12.0,16.0,12.0,7.06,24.0
Гиперболические,acosh,acosh,float4,28.39,48.0,96.0,48.0,26.84,96.0
Гиперболические,acosh,acosh,half4,30.0,48.0,64.0,48.0,28.82,96.0
Гиперболические,atanh,atanh,float,7.5,8.0,16.0,8.0,7.01,16.0
Гиперболические,atanh,atanh,half,7.5,8.0,16.0,8.0,7.06,16.0
Гиперболические,atanh,atanh,float4,23.69,32.0,64.0,32.0,21.89,64.0
Гиперболические,atanh,atanh,half4,29.61,32.0,64.0,32.0,28.06,64.0
Производные,ddx,ddx,float,5.3,12.0,6.0,12.0,4.75,12.0
Производные,ddx,ddx,half,5.26,12.0,6.0,12.0,4.7,12.0
Производные,ddx,ddx,float4,21.8,48.0,23.94,47.75,14.07,48.0
Производные,ddx,ddx,half4,23.8,48.0,22.97,45.88,14.56,48.0
Производные,ddy,ddy,float,5.3,12.0,6.0,12.0,4.75,12.0
Производные,ddy,ddy,half,5.26,12.0,6.0,12.0,4.7,12.0
Производные,ddy,ddy,float4,21.8,48.0,23.94,47.75,14.07,48.0
Производные,ddy,ddy,half4,23.8,48.0,22.97,45.88,14.56,48.0
Производные,fwidth,fwidth,float,8.95,12.0,7.0,12.0,7.0,12.0
Производные,fwidth,fwidth,half,9.01,12.0,7.0,12.0,7.0,12.0
Производные,fwidth,fwidth,float4,36.02,48.0,28.0,47.75,27.12,48.0
Производные,fwidth,fwidth,half4,24.42,48.0,28.12,45.88,17.76,48.0
Векторные,dot,dot,float,1.89,3.0,3.0,3.0,1.62,3.0
Векторные,dot,dot,half,1.69,3.0,3.0,3.0,1.59,3.0
Векторные,dot,dot,float4,2.56,4.0,4.0,4.0,2.46,4.0
Векторные,dot,dot,half4,1.75,3.0,3.0,3.0,1.6,3.0
Векторные,length,length,float,4.19,8.0,16.0,8.0,3.81,16.0
Векторные,length,length,half,4.72,5.0,8.0,5.0,4.45,8.0
Векторные,length,length,float4,4.56,8.0,16.0,8.0,4.48,16.0
Векторные,length,length,half4,4.62,6.0,8.0,6.0,4.35,8.0
Векторные,distance,distance,float,6.55,8.0,16.0,8.0,5.86,16.0
Векторные,distance,distance,half,5.67,7.0,8.0,7.0,5.34,8.0
Векторные,distance,distance,float4,8.06,8.0,16.0,8.03,7.47,16.0
Векторные,distance,distance,half4,5.78,8.0,8.0,8.0,5.29,8.0
Векторные,normalize,normalize,float,5.38,4.0,8.0,5.44,4.0,8.5
Векторные,normalize,normalize,half,4.85,6.0,8.0,6.0,3.8,8.0
Векторные,normalize,normalize,float4,6.89,4.0,8.0,6.98,4.0,10.07
Векторные,normalize,normalize,half4,4.62,7.0,8.0,7.0,4.42,8.0
Векторные,reflect,reflect,float,4.85,7.0,7.0,7.0,4.52,7.0
Векторные,reflect,reflect,half,3.8,6.0,6.0,6.0,3.58,6.0
Векторные,reflect,reflect,float4,5.71,9.0,9.0,9.0,5.52,9.0
Векторные,reflect,reflect,half4,4.26,6.0,6.0,6.0,4.07,6.0
Векторные,refract,refract,float,15.3,13.0,16.0,14.74,13.0,17.75
Векторные,refract,refract,half,12.0,11.0,11.0,11.0,11.0,16.0
Векторные,refract,refract,float4,18.34,16.0,16.0,16.0,16.0,20.62
Векторные,refract,refract,half4,11.38,11.0,11.0,11.0,11.0,16.0
Векторные,faceforward,faceforward,float,5.9,12.0,3.98,7.88,3.95,12.0
Векторные,faceforward,faceforward,half,4.38,3.0,3.0,3.0,3.0,4.8
Векторные,faceforward,faceforward,float4,6.3,16.0,4.94,9.75,4.88,16.0
Векторные,faceforward,faceforward,half4,3.05,3.0,3.0,3.0,2.87,3.21
Векторные,cross,cross,float,4.45,3.0,3.0,3.0,3.0,4.58
Векторные,cross,cross,half,3.56,5.0,5.0,5.0,3.53,5.0
Векторные,cross,cross,float4,4.45,3.0,3.0,3.0,3.0,4.58
Векторные,cross,cross,half4,3.56,5.0,5.0,5.0,3.53,5.0
Матрицы,mul_mat,"mul(matrix, vector)",float,7.45,6.0,6.0,6.0,6.0,7.5
Матрицы,mul_mat,"mul(matrix, vector)",half,4.67,4.0,4.0,4.0,4.0,4.75
Матрицы,mul_mat,"mul(matrix, vector)",float4,13.89,12.0,12.0,12.0,12.0,14.07
Матрицы,mul_mat,"mul(matrix, vector)",half4,6.38,6.0,6.0,6.0,6.0,6.61
Степени и логарифмы,pow2,"pow(x, 2)",float,0.5,0.0,0.0,0.0,0.0,0.5
Степени и логарифмы,pow2,"pow(x, 2)",half,0.5,0.0,0.0,0.0,0.0,0.5
Степени и логарифмы,pow2,"pow(x, 2)",float4,1.95,0.0,0.0,0.0,0.0,2.08
Степени и логарифмы,pow2,"pow(x, 2)",half4,0.81,0.0,0.0,0.0,0.0,1.0
Степени и логарифмы,pow3,"pow(x, 3)",float,1.5,1.0,1.0,1.0,1.0,1.51
Степени и логарифмы,pow3,"pow(x, 3)",half,1.49,1.0,8.0,1.4,1.0,8.0
Степени и логарифмы,pow3,"pow(x, 3)",float4,6.01,4.0,4.0,4.0,4.0,6.08
Степени и логарифмы,pow3,"pow(x, 3)",half4,2.67,2.0,32.0,2.59,2.0,32.0
Степени и логарифмы,pow4,"pow(x, 4)",float,1.5,1.0,1.0,1.0,1.0,1.51
Степени и логарифмы,pow4,"pow(x, 4)",half,1.49,1.0,8.0,1.4,1.0,8.0
Степени и логарифмы,pow4,"pow(x, 4)",float4,5.94,4.0,4.0,4.0,4.0,6.08
Степени и логарифмы,pow4,"pow(x, 4)",half4,2.39,2.0,32.0,2.25,2.0,32.0
Степени и логарифмы,pow5,"pow(x, 5)",float,2.5,2.0,2.0,2.0,2.0,2.51
Степени и логарифмы,pow5,"pow(x, 5)",half,2.49,2.0,8.0,2.34,2.0,8.0
Степени и логарифмы,pow5,"pow(x, 5)",float4,9.94,8.0,8.0,8.0,8.0,10.07
Степени и логарифмы,pow5,"pow(x, 5)",half4,4.38,4.0,32.0,4.12,4.0,32.0
Степени и логарифмы,pow05,"pow(x, 0.5)",float,2.69,8.0,16.0,8.0,2.53,16.0
Степени и логарифмы,pow05,"pow(x, 0.5)",half,2.49,8.0,8.0,8.0,2.34,16.0
Степени и логарифмы,pow05,"pow(x, 0.5)",float4,10.81,32.0,64.0,32.0,10.01,64.0
Степени и логарифмы,pow05,"pow(x, 0.5)",half4,8.78,32.0,32.0,32.0,7.74,64.0
Степени и логарифмы,pow22,"pow(x, 2.2)",float,5.5,8.0,16.0,8.0,5.13,16.0
Степени и логарифмы,pow22,"pow(x, 2.2)",half,5.46,8.0,8.0,8.0,5.18,16.0
Степени и логарифмы,pow22,"pow(x, 2.2)",float4,20.26,32.0,64.0,32.0,18.88,64.0
Степени и логарифмы,pow22,"pow(x, 2.2)",half4,23.34,32.0,32.0,32.0,22.05,64.0
Степени и логарифмы,pow1_22,"pow(x, 1/2.2)",float,5.5,8.0,16.0,8.0,5.13,16.0
Степени и логарифмы,pow1_22,"pow(x, 1/2.2)",half,5.46,8.0,8.0,8.0,5.18,16.0
Степени и логарифмы,pow1_22,"pow(x, 1/2.2)",float4,20.26,32.0,64.0,32.0,18.88,64.0
Степени и логарифмы,pow1_22,"pow(x, 1/2.2)",half4,23.34,32.0,32.0,32.0,22.05,64.0
Степени и логарифмы,log10,log10,float,3.49,4.0,8.0,4.0,3.23,8.0
Степени и логарифмы,log10,log10,half,3.75,4.0,8.0,4.06,3.53,8.0
Степени и логарифмы,log10,log10,float4,11.39,16.0,32.0,16.0,10.79,32.0
Степени и логарифмы,log10,log10,half4,14.82,16.0,32.0,16.0,14.0,32.0
Степени и логарифмы,ldexp,ldexp,float,2.75,4.0,8.0,4.0,2.59,8.0
Степени и логарифмы,ldexp,ldexp,half,2.82,4.0,8.0,4.0,2.61,8.0
Степени и логарифмы,ldexp,ldexp,float4,10.39,16.0,32.0,16.0,10.08,32.0
Степени и логарифмы,ldexp,ldexp,half4,14.3,16.0,32.0,16.0,13.29,32.0
Степени и логарифмы,frexp,frexp,float,1.86,3.01,3.01,3.01,1.62,6.03
Степени и логарифмы,frexp,frexp,half,1.89,2.99,2.99,2.99,1.57,5.97
Степени и логарифмы,frexp,frexp,float4,6.57,11.88,11.94,11.88,6.4,23.75
Степени и логарифмы,frexp,frexp,half4,8.64,11.94,10.0,11.25,8.26,19.88
Округление,modf,modf,float,1.06,1.0,3.0,1.06,1.0,3.0
Округление,modf,modf,half,1.06,1.0,4.0,1.06,1.0,4.0
Округление,modf,modf,float4,4.01,4.0,12.0,4.16,4.0,12.0
Округление,modf,modf,half4,2.12,2.44,14.0,2.44,2.0,14.0
Сравнения,select,x > a ? b : x,float,0.62,1.0,1.0,1.0,0.47,2.0
Сравнения,select,x > a ? b : x,half,0.82,1.5,1.5,1.5,0.75,3.0
Сравнения,select,x > a ? b : x,float4,2.58,3.88,3.94,3.88,2.53,7.75
Сравнения,select,x > a ? b : x,half4,0.86,0.93,1.02,0.93,0.68,1.85
Сравнения,cmp,(float)(x > a),float,0.5,1.0,1.0,1.0,0.47,2.0
Сравнения,cmp,(float)(x > a),half,0.97,1.0,1.0,1.0,0.88,2.0
Сравнения,cmp,(float)(x > a),float4,1.97,4.0,4.0,4.0,1.96,8.0
Сравнения,cmp,(float)(x > a),half4,2.14,2.19,2.19,2.19,1.89,4.38
Сравнения,any,any,float,3.57,3.95,3.98,3.95,3.25,7.9
Сравнения,any,any,half,4.86,4.01,5.03,4.95,3.33,9.9
Сравнения,any,any,float4,5.9,4.88,4.94,4.88,4.2,9.75
Сравнения,any,any,half4,4.73,16.0,8.81,16.0,4.31,17.48
Сравнения,all,all,float,3.57,3.95,3.98,3.95,3.25,7.9
Сравнения,all,all,half,2.78,4.01,5.03,4.01,2.65,9.9
Сравнения,all,all,float4,5.9,4.88,4.94,4.88,4.2,9.75
Сравнения,all,all,half4,4.73,16.0,8.81,16.0,4.31,17.48
Сравнения,isnan,isnan,float,2.4,2.01,2.01,2.01,1.55,4.03
Сравнения,isnan,isnan,half,2.38,1.99,1.99,1.99,1.49,3.98
Сравнения,isnan,isnan,float4,6.71,8.0,8.0,8.0,6.25,16.0
Сравнения,isnan,isnan,half4,12.07,8.0,7.47,8.0,7.21,14.88
Сравнения,isinf,isinf,float,0.5,1.0,1.0,1.0,0.41,2.0
Сравнения,isinf,isinf,half,1.45,1.0,1.0,1.0,1.0,2.0
Сравнения,isinf,isinf,float4,1.97,4.0,4.0,4.0,1.95,8.0
Сравнения,isinf,isinf,half4,2.56,2.44,2.44,2.44,2.0,4.88
Сравнения,isfinite,isfinite,float,3.36,8.0,5.0,8.0,3.12,10.0
Сравнения,isfinite,isfinite,half,3.49,8.0,5.0,8.0,3.29,10.0
Сравнения,isfinite,isfinite,float4,12.61,32.0,19.94,32.0,11.71,39.75
Сравнения,isfinite,isfinite,half4,17.95,40.0,32.0,32.0,12.94,40.0
Ветвления,if_small,if (x > a) x *= b,float,1.51,1.0,1.0,1.0,1.0,2.0
Ветвления,if_small,if (x > a) x *= b,half,1.56,1.5,1.5,1.5,1.46,3.0
Ветвления,if_small,if (x > a) x *= b,float4,5.75,4.0,4.0,4.0,4.0,8.0
Ветвления,if_small,if (x > a) x *= b,half4,2.45,2.0,2.06,2.06,2.0,3.38
Ветвления,if_else,if (x > a) sin else cos,float,8.57,10.0,16.0,10.0,8.07,16.0
Ветвления,if_else,if (x > a) sin else cos,half,9.22,9.0,16.0,9.5,8.5,16.0
Ветвления,if_else,if (x > a) sin else cos,float4,32.88,40.0,64.0,40.0,31.46,64.0
Ветвления,if_else,if (x > a) sin else cos,half4,30.25,36.0,64.0,36.0,29.18,64.0
Ветвления,if_skip,if (x > a) { 8× sin },float,43.5,64.0,128.0,64.0,40.82,128.0
Ветвления,if_skip,if (x > a) { 8× sin },half,38.5,64.0,128.0,64.0,36.23,128.0
Ветвления,if_skip,if (x > a) { 8× sin },float4,163.39,257.0,514.0,257.0,151.54,514.0
Ветвления,if_skip,if (x > a) { 8× sin },half4,165.84,257.0,514.0,257.0,157.06,514.0
Конвертации,i2f,(float)(int)x,float,0.5,1.0,2.0,1.0,0.47,2.0
Конвертации,i2f,(float)(int)x,half,0.5,1.0,3.0,1.0,0.47,3.0
Конвертации,i2f,(float)(int)x,float4,1.95,4.0,8.0,4.0,1.82,8.0
Конвертации,i2f,(float)(int)x,half4,0.81,2.39,10.0,2.39,0.77,10.0
Конвертации,f32tof16,f32tof16,float,0.5,1.0,0.0,0.49,0.0,1.0
Конвертации,f32tof16,f32tof16,half,0.5,1.0,0.0,0.49,0.0,1.0
Конвертации,f32tof16,f32tof16,float4,3.34,4.0,0.0,3.24,0.0,4.0
Конвертации,f32tof16,f32tof16,half4,3.78,2.55,2.0,2.55,2.0,3.86
Конвертации,f16tof32,f16tof32,float,0.49,0.0,0.0,0.0,0.0,0.5
Конвертации,f16tof32,f16tof32,half,0.42,0.0,0.0,0.0,0.0,0.44
Конвертации,f16tof32,f16tof32,float4,0.19,0.0,0.0,0.0,0.0,0.33
Конвертации,f16tof32,f16tof32,half4,3.12,5.99,5.99,5.99,3.05,11.97
Целые числа,iadd,int a + b,float,0.53,1.0,1.0,1.0,0.5,2.0
Целые числа,iadd,int a + b,float4,1.99,4.0,4.0,4.0,1.87,8.0
Целые числа,imul,int a * b,float,1.0,4.0,8.0,4.0,1.0,8.0
Целые числа,imul,int a * b,float4,3.99,16.0,32.0,16.0,3.75,32.0
Целые числа,idiv,int a / b,float,15.03,17.95,24.0,17.95,13.0,38.0
Целые числа,idiv,int a / b,float4,60.18,72.0,96.0,72.0,49.5,152.0
Целые числа,imod,int a % b,float,15.95,20.0,32.0,20.0,14.05,40.0
Целые числа,imod,int a % b,float4,64.53,80.0,128.0,80.0,54.0,160.0
Целые числа,udiv,uint a / b,float,13.09,14.0,24.0,14.0,11.0,28.0
Целые числа,udiv,uint a / b,float4,52.41,56.0,96.0,56.0,41.89,112.0
Целые числа,umod,uint a % b,float,14.06,16.0,32.0,16.0,12.05,32.0
Целые числа,umod,uint a % b,float4,56.29,64.0,128.0,64.0,45.94,128.0
Целые числа,imin,min(int),float,0.44,0.99,0.99,0.99,0.41,1.98
Целые числа,imin,min(int),float4,1.96,4.0,4.0,4.0,1.89,8.0
Целые числа,iabs,abs(int),float,0.44,0.99,0.99,0.99,0.41,1.98
Целые числа,iabs,abs(int),float4,1.96,4.0,4.0,4.0,1.89,8.0
Целые числа,ishl,int a << b,float,0.42,4.0,0.99,1.98,0.0,4.0
Целые числа,ishl,int a << b,float4,1.94,16.0,4.0,8.0,0.69,16.0
Целые числа,ushr,uint a >> b,float,0.42,4.0,0.99,1.98,0.0,4.0
Целые числа,ushr,uint a >> b,float4,1.94,16.0,4.0,8.0,0.69,16.0
Целые числа,iand,int a & b,float,0.44,4.0,0.99,1.98,0.41,4.0
Целые числа,iand,int a & b,float4,1.96,16.0,4.0,8.0,1.89,16.0
Целые числа,countbits,countbits,float,0.44,4.0,8.0,4.0,0.41,8.0
Целые числа,countbits,countbits,float4,1.97,16.0,32.0,16.0,1.89,32.0
Целые числа,firstbithigh,firstbithigh,float,1.44,4.0,8.0,4.0,1.35,8.0
Целые числа,firstbithigh,firstbithigh,float4,5.82,16.0,32.0,16.0,4.29,32.0
Целые числа,firstbitlow,firstbitlow,float,3.34,8.0,16.0,8.0,2.49,16.0
Целые числа,firstbitlow,firstbitlow,float4,14.53,32.0,64.0,32.0,8.94,64.0
Целые числа,reversebits,reversebits,float,0.44,4.0,8.0,4.0,0.41,8.0
Целые числа,reversebits,reversebits,float4,1.97,16.0,32.0,16.0,1.89,32.0
Матрицы,mul_matmat,"mul(matrix, matrix)",float,22.5,18.12,18.12,18.12,18.12,22.55
Матрицы,mul_matmat,"mul(matrix, matrix)",half,14.45,12.0,12.0,12.0,12.0,14.51
Матрицы,mul_matmat,"mul(matrix, matrix)",float4,55.67,48.0,48.0,48.0,48.0,55.85
Матрицы,mul_matmat,"mul(matrix, matrix)",half4,27.7,24.12,24.12,24.12,24.12,28.18
Матрицы,transpose,transpose,float,0.0,0.0,0.06,0.0,0.0,0.12
Матрицы,transpose,transpose,half,1.64,2.08,2.06,2.06,1.18,4.15
Матрицы,transpose,transpose,float4,0.07,0.0,0.0,0.0,0.0,0.12
Матрицы,transpose,transpose,half4,4.46,7.92,7.92,7.92,4.07,15.85
Матрицы,determinant,determinant,float,16.38,12.12,12.12,12.12,12.12,16.5
Матрицы,determinant,determinant,half,11.17,9.0,9.0,9.0,9.0,11.56
Матрицы,determinant,determinant,float4,55.42,51.0,52.0,51.6,51.0,56.1
Матрицы,determinant,determinant,half4,28.62,26.0,26.0,26.0,26.0,28.8
Unity (URP),unpack_rgb,UnpackNormalRGBNoScale,float,1.95,3.0,3.0,3.0,1.83,3.0
Unity (URP),unpack_rgb,UnpackNormalRGBNoScale,half,2.06,2.0,2.0,2.0,1.94,2.31
Unity (URP),unpack_rgb,UnpackNormalRGBNoScale,float4,1.95,3.0,3.0,3.0,1.83,3.0
Unity (URP),unpack_rgb,UnpackNormalRGBNoScale,half4,2.06,2.0,2.0,2.0,1.94,2.31
Unity (URP),unpack_ag,UnpackNormalAG,float,5.64,8.0,8.0,8.0,4.0,8.0
Unity (URP),unpack_ag,UnpackNormalAG,half,5.38,8.0,8.0,8.0,5.06,16.0
Unity (URP),unpack_ag,UnpackNormalAG,float4,5.64,8.0,8.0,8.0,4.0,8.0
Unity (URP),unpack_ag,UnpackNormalAG,half4,5.38,8.0,8.0,8.0,5.06,16.0
Unity (URP),unpack_rgag,UnpackNormalmapRGorAG,float,6.59,8.0,8.0,8.0,6.0,8.0
Unity (URP),unpack_rgag,UnpackNormalmapRGorAG,half,5.47,8.0,8.0,8.0,5.06,16.0
Unity (URP),unpack_rgag,UnpackNormalmapRGorAG,float4,6.59,8.0,8.0,8.0,6.0,8.0
Unity (URP),unpack_rgag,UnpackNormalmapRGorAG,half4,5.47,8.0,8.0,8.0,5.06,16.0
Unity (URP),luminance,Luminance,float,1.94,3.0,3.0,3.0,1.68,3.0
Unity (URP),luminance,Luminance,half,1.64,3.0,3.0,3.0,1.54,3.0
Unity (URP),luminance,Luminance,float4,1.94,3.0,3.0,3.0,1.68,3.0
Unity (URP),luminance,Luminance,half4,1.64,3.0,3.0,3.0,1.54,3.0
Unity (URP),srgb2lin,SRGBToLinear,float,22.07,24.0,48.0,24.0,20.47,52.25
Unity (URP),srgb2lin,SRGBToLinear,half,25.38,24.0,24.0,24.0,24.0,48.0
Unity (URP),srgb2lin,SRGBToLinear,float4,22.07,24.0,48.0,24.0,20.47,52.25
Unity (URP),srgb2lin,SRGBToLinear,half4,25.38,24.0,24.0,24.0,24.0,48.0
Unity (URP),srgb2lin_f,FastSRGBToLinear,float,7.4,6.0,6.0,6.0,6.0,7.5
Unity (URP),srgb2lin_f,FastSRGBToLinear,half,4.58,4.0,4.0,4.0,4.0,4.67
Unity (URP),srgb2lin_f,FastSRGBToLinear,float4,7.4,6.0,6.0,6.0,6.0,7.5
Unity (URP),srgb2lin_f,FastSRGBToLinear,half4,4.58,4.0,4.0,4.0,4.0,4.67
Unity (URP),lin2srgb,LinearToSRGB,float,22.23,24.0,48.0,24.0,21.18,53.0
Unity (URP),lin2srgb,LinearToSRGB,half,25.38,24.0,24.0,24.0,24.0,48.0
Unity (URP),lin2srgb,LinearToSRGB,float4,22.23,24.0,48.0,24.0,21.18,53.0
Unity (URP),lin2srgb,LinearToSRGB,half4,25.38,24.0,24.0,24.0,24.0,48.0
Unity (URP),lin2srgb_f,FastLinearToSRGB,float,17.4,24.0,48.0,24.0,16.64,48.0
Unity (URP),lin2srgb_f,FastLinearToSRGB,half,21.19,24.0,24.0,24.0,20.07,48.0
Unity (URP),lin2srgb_f,FastLinearToSRGB,float4,17.4,24.0,48.0,24.0,16.64,48.0
Unity (URP),lin2srgb_f,FastLinearToSRGB,half4,21.19,24.0,24.0,24.0,20.07,48.0
Unity (URP),safenorm,SafeNormalize,float,5.4,4.0,8.0,5.45,4.0,8.5
Unity (URP),safenorm,SafeNormalize,half,3.95,4.0,8.0,4.13,3.72,8.0
Unity (URP),safenorm,SafeNormalize,float4,5.4,4.0,8.0,5.45,4.0,8.5
Unity (URP),safenorm,SafeNormalize,half4,3.95,4.0,8.0,4.13,3.72,8.0
Текстуры,tex2D,tex2D,float,12.0,8.0,16.0,12.0,3.77,16.0
Текстуры,tex2D,tex2D,half,12.0,8.0,16.0,12.0,3.77,16.0
Текстуры,tex2D,tex2D,float4,12.0,8.0,16.0,12.0,3.77,16.0
Текстуры,tex2D,tex2D,half4,12.0,8.0,16.0,12.0,3.77,16.0
Текстуры,tex2Dlod,tex2Dlod,float,12.0,8.0,16.0,12.0,3.77,16.0
Текстуры,tex2Dlod,tex2Dlod,half,12.0,8.0,16.0,12.0,3.77,16.0
Текстуры,tex2Dlod,tex2Dlod,float4,12.0,8.0,16.0,12.0,3.77,16.0
Текстуры,tex2Dlod,tex2Dlod,half4,12.0,8.0,16.0,12.0,3.77,16.0
Текстуры,tex2Dbias,tex2Dbias,float,12.0,8.0,16.0,12.0,3.78,16.0
Текстуры,tex2Dbias,tex2Dbias,half,12.0,8.0,16.0,12.0,4.31,16.0
Текстуры,tex2Dbias,tex2Dbias,float4,12.0,8.0,16.0,12.0,3.78,16.0
Текстуры,tex2Dbias,tex2Dbias,half4,12.0,8.0,16.0,12.0,4.31,16.0
Текстуры,tex2Dgrad,tex2Dgrad,float,24.0,16.0,32.0,24.0,7.53,32.0
Текстуры,tex2Dgrad,tex2Dgrad,half,24.0,16.0,32.0,24.0,7.53,32.0
Текстуры,tex2Dgrad,tex2Dgrad,float4,24.0,16.0,32.0,24.0,7.53,32.0
Текстуры,tex2Dgrad,tex2Dgrad,half4,24.0,16.0,32.0,24.0,7.53,32.0
Текстуры,tex2Doffs,Sample + offset,float,12.0,8.0,16.0,12.0,3.77,16.0
Текстуры,tex2Doffs,Sample + offset,half,12.0,8.0,16.0,12.0,3.77,16.0
Текстуры,tex2Doffs,Sample + offset,float4,12.0,8.0,16.0,12.0,3.77,16.0
Текстуры,tex2Doffs,Sample + offset,half4,12.0,8.0,16.0,12.0,3.77,16.0
Текстуры,tex2Dproj,tex2Dproj,float,12.0,8.0,16.0,12.0,3.77,16.0
Текстуры,tex2Dproj,tex2Dproj,half,12.0,8.0,16.0,12.0,3.77,16.0
Текстуры,tex2Dproj,tex2Dproj,float4,12.0,8.0,16.0,12.0,3.77,16.0
Текстуры,tex2Dproj,tex2Dproj,half4,12.0,8.0,16.0,12.0,3.77,16.0
Текстуры,texload,Load,float,12.0,8.0,16.0,12.0,3.77,16.0
Текстуры,texload,Load,half,12.0,8.0,16.0,12.0,3.77,16.0
Текстуры,texload,Load,float4,12.0,8.0,16.0,12.0,3.77,16.0
Текстуры,texload,Load,half4,12.0,8.0,16.0,12.0,3.77,16.0
Текстуры,texgather,Gather,float,12.0,8.0,16.0,12.0,3.77,16.0
Текстуры,texgather,Gather,half,12.0,8.0,16.0,12.0,3.77,16.0
Текстуры,texgather,Gather,float4,12.0,8.0,16.0,12.0,3.77,16.0
Текстуры,texgather,Gather,half4,12.0,8.0,16.0,12.0,3.77,16.0
Текстуры,tex3D,tex3D,float,12.0,8.0,16.0,12.0,3.77,16.0
Текстуры,tex3D,tex3D,half,12.0,8.0,16.0,12.0,3.77,16.0
Текстуры,tex3D,tex3D,float4,12.0,8.0,16.0,12.0,3.77,16.0
Текстуры,tex3D,tex3D,half4,12.0,8.0,16.0,12.0,3.77,16.0
Текстуры,texCUBE,texCUBE,float,12.0,16.0,16.0,16.0,3.85,16.0
Текстуры,texCUBE,texCUBE,half,12.0,16.0,16.0,16.0,5.53,16.0
Текстуры,texCUBE,texCUBE,float4,12.0,16.0,16.0,16.0,3.85,16.0
Текстуры,texCUBE,texCUBE,half4,12.0,16.0,16.0,16.0,5.53,16.0
Текстуры,texCUBElod,texCUBElod,float,12.0,16.0,16.0,16.0,7.66,16.0
Текстуры,texCUBElod,texCUBElod,half,12.0,16.0,16.0,16.0,7.88,16.0
Текстуры,texCUBElod,texCUBElod,float4,12.0,16.0,16.0,16.0,7.66,16.0
Текстуры,texCUBElod,texCUBElod,half4,12.0,16.0,16.0,16.0,7.88,16.0
Текстуры,texarray,Texture2DArray,float,12.0,8.0,16.0,12.0,3.77,16.0
Текстуры,texarray,Texture2DArray,half,12.0,8.0,16.0,12.0,3.77,16.0
Текстуры,texarray,Texture2DArray,float4,12.0,8.0,16.0,12.0,3.77,16.0
Текстуры,texarray,Texture2DArray,half4,12.0,8.0,16.0,12.0,3.77,16.0
Текстуры,texshadow,SampleCmp (shadow),float,12.0,8.0,16.0,12.0,3.77,16.0
Текстуры,texshadow,SampleCmp (shadow),half,12.0,8.0,16.0,12.0,3.77,16.0
Текстуры,texshadow,SampleCmp (shadow),float4,12.0,8.0,16.0,12.0,3.77,16.0
Текстуры,texshadow,SampleCmp (shadow),half4,12.0,8.0,16.0,12.0,3.77,16.0
